payment_id,order_id,paid_on,amount,method
1,1,2023-01-12,4275.0,wallet
2,2,2023-02-02,1900.0,upi
3,4,2023-01-11,12825.0,upi
4,6,2023-02-07,1950.0,upi
5,7,2023-02-03,51500.0,card
6,8,2023-02-23,118195.0,upi
7,9,2023-02-14,28950.0,upi
8,10,2023-02-14,198000.0,upi
9,11,2023-02-14,13600.0,upi
10,12,2023-02-26,35530.0,upi
11,13,2023-03-08,450.0,card
12,16,2023-03-24,215100.0,upi
13,17,2023-03-08,31050.0,netbanking
14,18,2023-03-13,6800.0,netbanking
15,19,2023-03-03,141100.0,card
16,20,2023-04-08,56000.0,card
17,21,2023-04-24,67500.0,upi
18,22,2023-04-23,30800.0,upi
19,23,2023-04-17,166355.0,upi
20,24,2023-04-27,19500.0,netbanking
21,25,2023-04-06,151660.0,upi
22,26,2023-04-05,95355.0,card
23,27,2023-04-25,152320.0,card
24,28,2023-05-24,950.0,upi
25,29,2023-05-31,7600.0,card
26,30,2023-05-04,13600.0,netbanking
27,31,2023-05-08,72850.0,cod
28,32,2023-05-24,11800.0,card
29,33,2023-05-03,335300.0,netbanking
30,35,2023-06-25,116800.0,upi
31,37,2023-06-10,56000.0,upi
32,38,2023-06-28,108360.0,upi
33,39,2023-06-04,22800.0,card
34,40,2023-06-23,149850.0,upi
35,41,2023-06-10,152900.0,upi
36,42,2023-06-04,86000.0,card
37,43,2023-06-28,45600.0,upi
38,44,2023-06-07,139400.0,card
39,45,2023-07-14,38300.0,card
40,47,2023-07-29,6620.0,card
41,48,2023-07-12,43010.0,wallet
42,49,2023-07-05,285600.0,cod
43,51,2023-09-02,24880.0,card
44,52,2023-08-10,4410.0,upi
45,53,2023-08-06,52135.0,card
46,54,2023-08-20,241000.0,upi
47,56,2023-08-24,160700.0,card
48,57,2023-08-11,59900.0,upi
49,58,2023-08-13,86080.0,upi
50,59,2023-08-08,26900.0,upi
51,60,2023-08-12,191200.0,upi
52,61,2023-08-31,81210.0,upi
53,62,2023-08-21,22840.0,upi
54,63,2023-08-31,24750.0,card
55,64,2023-09-23,35950.0,upi
56,65,2023-09-16,92400.0,card
57,66,2023-09-24,78770.0,upi
58,67,2023-09-15,7600.0,netbanking
59,68,2023-09-14,34060.0,upi
60,69,2023-09-12,60220.0,upi
61,70,2023-09-30,1350.0,cod
62,71,2023-09-27,71960.0,upi
63,72,2023-09-14,11500.0,card
64,73,2023-09-17,126000.0,upi
65,75,2023-10-15,18900.0,netbanking
66,76,2023-10-29,2800.0,upi
67,77,2023-10-09,75000.0,card
68,78,2023-10-11,1852.5,card
69,79,2023-10-19,24300.0,card
70,80,2023-10-18,34950.0,upi
71,82,2023-10-09,101800.0,upi
72,83,2023-10-29,900.0,upi
73,84,2023-10-11,51750.0,upi
74,85,2023-11-02,9600.0,upi
75,87,2023-11-01,31147.5,cod
76,88,2023-10-20,51305.0,netbanking
77,89,2023-11-19,145300.0,netbanking
78,90,2023-11-28,37100.0,upi
79,91,2023-11-14,32000.0,card
80,93,2023-11-01,13500.0,card
81,94,2023-11-30,90850.0,card
82,95,2023-11-30,22800.0,netbanking
83,96,2023-11-05,145300.0,card
84,98,2023-11-27,60080.0,cod
85,99,2023-11-08,78625.0,wallet
86,100,2023-11-16,111625.0,upi
87,103,2023-11-02,70550.0,cod
88,104,2023-12-19,20980.0,upi
89,105,2023-12-01,33600.0,card
90,106,2023-12-07,54400.0,upi
91,107,2023-12-28,14600.0,wallet
92,108,2023-12-23,76755.0,card
93,109,2023-12-15,142300.0,cod
94,110,2023-12-14,3200.0,upi
95,111,2024-01-03,170200.0,netbanking
96,112,2024-01-02,41300.0,netbanking
97,113,2023-12-13,24500.0,upi
98,114,2023-12-22,127800.0,card
99,115,2023-12-14,43880.0,wallet
100,117,2024-01-22,25655.0,upi
101,118,2024-02-01,14630.0,upi
102,119,2024-01-08,92985.0,upi
103,120,2024-01-30,257900.0,card
104,121,2024-01-03,2800.0,upi
105,122,2024-01-25,3600.0,upi
106,123,2024-01-18,13320.0,upi
107,125,2024-02-19,16600.0,upi
108,126,2024-02-18,15800.0,upi
109,128,2024-02-04,30600.0,upi
110,129,2024-02-03,12825.0,card
111,130,2024-02-11,112605.0,card
112,132,2024-02-09,1800.0,card
113,133,2024-03-02,33340.0,upi
114,135,2024-03-09,6460.0,cod
115,136,2024-04-01,112810.0,card
116,137,2024-03-26,855.0,netbanking
117,139,2024-04-02,52700.0,upi
118,140,2024-03-19,76000.0,netbanking
119,141,2024-03-10,40845.0,upi
120,142,2024-03-26,3200.0,upi
121,143,2024-03-16,89100.0,upi
122,144,2024-03-13,51005.0,card
123,145,2024-03-27,12600.0,upi
124,146,2024-03-11,428410.0,card
125,147,2024-04-01,72900.0,card
126,148,2024-04-15,12150.0,card
127,149,2024-04-24,1300.0,upi
128,150,2024-04-05,13600.0,upi
129,152,2024-04-16,141400.0,upi
130,153,2024-04-08,70200.0,upi
131,154,2024-05-25,84100.0,wallet
132,155,2024-05-27,1600.0,upi
133,157,2024-05-17,38000.0,upi
134,158,2024-05-08,77400.0,netbanking
135,159,2024-05-18,108000.0,card
136,160,2024-05-10,24500.0,upi
137,161,2024-05-03,8600.0,card
138,163,2024-05-05,4900.0,upi
139,164,2024-05-10,42350.0,cod
140,165,2024-05-12,81230.0,wallet
141,166,2024-05-06,15100.0,card
142,167,2024-05-21,390400.0,cod
143,168,2024-05-21,10030.0,card
144,169,2024-05-06,94800.0,card
145,170,2024-05-08,56000.0,upi
146,171,2024-05-11,209120.0,card
147,172,2024-06-19,70300.0,card
148,173,2024-06-28,59280.0,upi
149,174,2024-06-21,104700.0,cod
150,175,2024-06-09,423000.0,card
151,176,2024-06-05,10640.0,cod
152,177,2024-06-26,119500.0,card
153,178,2024-06-16,71850.0,upi
154,180,2024-06-16,3207.5,upi
155,181,2024-06-13,29280.0,upi
156,185,2024-07-30,19680.0,upi
157,186,2024-07-30,44775.0,cod
158,187,2024-07-30,4050.0,netbanking
159,188,2024-07-17,260500.0,upi
160,190,2024-08-01,13860.0,upi
161,191,2024-07-07,47150.0,cod
162,192,2024-07-15,2520.0,wallet
163,193,2024-07-09,97600.0,cod
164,194,2024-07-23,11210.0,netbanking
165,195,2024-07-25,124515.0,upi
166,196,2024-07-27,55010.0,upi
167,197,2024-07-26,3200.0,card
168,198,2024-07-17,44170.0,upi
169,199,2024-07-19,12825.0,card
170,200,2024-07-15,1900.0,netbanking
171,201,2024-07-27,6400.0,upi
172,202,2024-08-25,41855.0,upi
173,204,2024-08-23,177260.0,card
174,205,2024-08-11,3200.0,card
175,206,2024-08-29,4460.0,upi
176,208,2024-08-28,28800.0,netbanking
177,209,2024-08-10,40720.0,upi
178,210,2024-08-20,28800.0,upi
179,211,2024-08-11,89140.0,card
180,212,2024-08-21,724900.0,wallet
181,215,2024-08-30,53900.0,upi
182,216,2024-08-31,93000.0,upi
183,217,2024-08-14,82300.0,upi
184,218,2024-08-26,123905.0,upi
185,219,2024-09-07,20700.0,upi
186,222,2024-09-19,156200.0,upi
187,223,2024-09-23,255830.0,card
188,224,2024-09-23,17910.0,wallet
189,225,2024-09-04,502000.0,upi
190,226,2024-09-04,196980.0,card
191,227,2024-10-01,261660.0,upi
192,228,2024-09-20,170950.0,card
193,229,2024-09-06,2380.0,wallet
194,230,2024-09-13,14960.0,upi
195,232,2024-09-04,63540.0,upi
196,234,2024-09-23,92155.0,netbanking
197,235,2024-10-24,147625.0,wallet
198,238,2024-10-24,39220.0,card
199,239,2024-10-18,5400.0,card
200,240,2024-10-11,137050.0,upi
201,241,2024-10-02,82620.0,upi
202,242,2024-10-31,82710.0,card
203,243,2024-10-03,133820.0,card
204,244,2024-10-26,450.0,upi
205,245,2024-10-12,194202.5,card
206,247,2024-10-13,15400.0,upi
207,248,2024-10-07,23980.0,upi
208,249,2024-10-31,220755.0,netbanking
209,250,2024-10-22,39110.0,card
210,251,2024-10-12,23002.5,upi
211,252,2024-11-07,7300.0,card
212,254,2024-11-14,86650.0,upi
213,256,2024-11-27,37350.0,upi
214,257,2024-11-07,77700.0,upi
215,258,2024-11-19,187000.0,upi
216,260,2024-11-23,105800.0,cod
217,261,2024-11-21,240655.0,card
218,262,2024-11-19,94400.0,card
219,263,2024-11-16,35960.0,upi
220,264,2024-11-19,46310.0,upi
221,265,2024-11-12,18572.5,netbanking
222,267,2024-11-23,102600.0,netbanking
223,268,2024-11-13,116040.0,upi
224,269,2024-11-29,32300.0,card
225,270,2024-11-10,288905.0,card
226,271,2024-11-29,24700.0,upi
227,273,2024-11-08,16502.5,upi
228,274,2024-11-18,139550.0,upi
229,277,2025-01-02,38000.0,cod
230,278,2024-12-06,16800.0,cod
231,279,2025-01-03,22525.0,upi
232,280,2024-12-18,156000.0,netbanking
233,281,2024-12-29,34000.0,upi
234,282,2024-12-06,21505.0,upi
235,284,2024-12-19,86000.0,card
236,285,2024-12-31,55750.0,upi
237,286,2024-12-27,218755.0,netbanking
238,287,2024-12-20,3825.0,card
239,289,2024-12-13,82600.0,upi
240,290,2024-12-08,56450.0,upi
241,291,2024-12-12,40800.0,upi
242,292,2024-12-25,176415.0,card
243,294,2024-12-04,8400.0,upi
244,295,2024-12-10,279580.0,upi
245,297,2024-12-03,249410.0,cod
246,298,2024-12-11,152027.5,upi
247,299,2024-12-23,16985.0,card
248,300,2024-12-07,124600.0,card
